representative	member
A0A7J2THB1	A0A7J2THB1
U3TEI9	U3TEI9
U3TEI9	Q9YBN1
U3TEI9	A0A401H848
A0ABD5RAS5	A0ABD5RAS5
A0A9Y1FMN5	A0A9Y1FMN5
A0A9Y1FMN5	A0A9Y1BJF6
A0A284VME3	A0A284VME3
A0A382IA53	A0A382IA53
A0A8J7Z1R3	A0A8J7Z1R3
A0ABP1C5B9	A0ABP1C5B9
A0ABT5XEQ5	A0ABT5XEQ5
A0ABT5XEQ5	A0A101IKK0
A0ABT5XEQ5	G7WM79
A0ABT5XEQ5	A0ABT5X6I1
A0A1H6SUX9	A0A1H6SUX9
A0A1H6SUX9	A0ABD6D9Q6
A0A0P7ZCM9	A0A0P7ZCM9
A0A0P7ZCM9	A0A062UUM9
D6SPH6	D6SPH6
A0A2U2N5I0	A0A2U2N5I0
A0A3E0WJD0	A0A3E0WJD0
A0A0F7P6S9	A0A0F7P6S9
A0A0X8XAU7	A0A0X8XAU7
A0A0X8XAU7	A1WVP6
A4BVL8	A4BVL8
A0A2A2H7M3	A0A2A2H7M3
A0A2A2H7M3	A0A9E5A0Z4
A0B5X1	A0B5X1
A0AA90ZD09	A0AA90ZD09
A0AA90ZD09	Q12V78
A0AA90ZD09	A0ABU9KXB0
L9W6D0	L9W6D0
A0A3N1Y6Z5	A0A3N1Y6Z5
A0A1L9C1P2	A0A1L9C1P2
A0A1L9C1P2	A0A285G619
A0A1L9C1P2	A0A2D3C8Z3
A0A1L9C1P2	A0A1L3Q178
A0A1L9C1P2	D5E8P2
A0A1L9C1P2	A0A314ZMB4
A0A1D3L501	A0A1D3L501
A0A1D3L501	F6D3G2
A0A1D3L501	A0A7J4TGQ6
A0A1D3L501	A0A2H4VR83
A0A1D3L501	K2R5V3
A0A1D3L501	A0A089ZE29
A0A1D3L501	A0A090I5Q1
A0A1D3L501	A0A843ARE5
D3SRI1	D3SRI1
D3SRI1	M0B292
D3SRI1	M0A9G8
D3SRI1	M0B515
D3SRI1	M0AV32
D3SRI1	M0A7K0
D3SRI1	A0AAV3T6A2
D3SRI1	A0ABD6AC17
D3SRI1	A0A285P2Y0
D3SRI1	A0A5P9NZ83
D3SRI1	A0A1N7CFC7
D3SRI1	A0A419WIF2
D3SRI1	L9WG58
D3SRI1	A0A4D6HL94
D3SRI1	A0A8J8TR63
D3SRI1	L0K036
D3SRI1	M0L4W5
D3SRI1	A0A1I1J0C2
A0A3N6MIK0	A0A3N6MIK0
A0A3N6MIK0	A0A6B0VGV0
A0A7C3YPV4	A0A7C3YPV4
A0A7C3YPV4	N0BP55
A0A7C3YPV4	A0A0A7GG67
A0A7C3YPV4	A0A0F7DC05
A0A7C3YPV4	A0ABZ3H7K4
A0A7C3YPV4	D3RYB9
F2KP76	F2KP76
F2KP76	D2RE12
A0A7K4AFH5	A0A7K4AFH5
A0A7K4AFH5	F4BWT5
A0A7K4AFH5	A0A0W8FD95
A0A1H8FGF5	A0A1H8FGF5
A0A1H8FGF5	A0ABD6CBK2
L9WR82	L9WR82
A0A8T5URU8	A0A8T5URU8
A0A8T8K5E0	A0A8T8K5E0
A0A8T8K5E0	A0A328PIA6
A0A8T8K5E0	A0ABM7YBZ6
A0A8T8K5E0	O27289
A0A8T8K5E0	A0A842YLE6
A0A8T8K5E0	A0A371NCC4
A0A8T8K5E0	A0ABU8TU27
A0A8T8K5E0	A0A7J4MXP8
A0A8T8K5E0	A0A9E7RUH1
A0A8T8K5E0	D9PY87
A0A8T8K5E0	F0T8D9
A0A0F8WA41	A0A0F8WA41
A0A7J3M2R9	A0A7J3M2R9
A0A7J3M2R9	A0A075WBD8
A0A7J3M2R9	A0A7C3RH71
A0A7J3M2R9	A0A7C2SNN2
A0A7J3M2R9	O29409
A0A7J3M2R9	A0A101DDQ8
A0A1D8S5Y5	A0A1D8S5Y5
A0A832WMI9	A0A832WMI9
A0A832WMI9	Q8TXY1
A0A0E3WYM4	A0A0E3WYM4
A0ABD5MPE6	A0ABD5MPE6
A0ABD5MPE6	A0A8T8WB90
C7NNU3	C7NNU3
C7NNU3	F7PR29
A0AAP3E299	A0AAP3E299
A0AAP3E299	A0ABT2Q8K7
A0A9Q4C4G7	A0A9Q4C4G7
A0A6A7SHM7	A0A6A7SHM7
A0A6A7SHM7	A0A5B8RI82
A0A7T3FVD9	A0A7T3FVD9
A0A7T3FVD9	M0CX91
A3DPG6	A3DPG6
A3DPG6	D7D8M2
L9X7A3	L9X7A3
G0EH99	G0EH99
G0EH99	A0A211YLT3
G0EH99	A0A0P0N313
G0EH99	A0ABM8IWX1
G0EH99	A0A0V8RU78
G0EH99	A2BN10
I0A2M7	I0A2M7
I0A2M7	A0A843A946
I0A2M7	A0A2J6N3I3
A0A7J3SKY7	A0A7J3SKY7
A0A7J3SKY7	A0A7C2YS13
A8ABX5	A8ABX5
A8ABX5	A0A0U3FNX7
A8ABX5	A0A977K8Y1
A0A482YA10	A0A482YA10
A0A482YA10	A0A1H1FZ60
A0A482YA10	E4NU80
A0A482YA10	A0A482SZK8
A0A482YA10	A0A6C0UK33
A0A482YA10	A0ABD6BBY0
A0A482YA10	A0A7D5KWX9
A0A482YA10	A0A1H9BZB9
A0A482YA10	A0A1I0M6A6
A0A482YA10	A0A7D5L9T4
A0A482YA10	A0A1G6X4M0
A0A482YA10	A0A4D6HC73
A0A482YA10	A0A2I8VII2
A0A482YA10	A0A3P3R8H2
A0A482YA10	A0A8U0A936
A0A482YA10	A0A897MYG8
A0A482YA10	A0AAE3IDH7
A0A482YA10	A0A897NRM7
A0A482YA10	A0A897NM31
A0A482YA10	A0A897N8J3
A0A482YA10	A0A1H5WXM1
A0A482YA10	A0ABD6CMC8
A0A482YA10	A0ABD6DS68
A0A482YA10	A0A7D6GPW8
A0A482YA10	D2RVW8
A0A482YA10	A0ABD5SLY2
A0A482YA10	A0A4P9TCP7
A0A482YA10	L9Z270
A0A482YA10	A0A4P8WGF8
A0A482YA10	L9ZA81
A0A482YA10	A0A482XYP7
A0A482YA10	L9ZLZ0
A0A482YA10	A0A8T8DZ55
A0A482YA10	M0C798
A0A482YA10	A0A8J8GRS8
A0A482YA10	A0A9Q4L2B2
A0A482YA10	A0A343TJ57
A0A482YA10	M0CCG5
A0A482YA10	A0A345E2A0
A0A482YA10	A0AAF0P9Q7
A0A482YA10	L0JJ98
A0A7C1I2F9	A0A7C1I2F9
A0A1H8V100	A0A1H8V100
A0A4Y8PDX0	A0A4Y8PDX0
A0A7C2P0Z7	A0A7C2P0Z7
A0A7C2P0Z7	A0A7V3KN26
A0A7C2P0Z7	A0A7V3ZZ10
W0DL70	W0DL70
W0DL70	L0DZZ5
A0ABX7PST0	A0ABX7PST0
A0ABX7PST0	B3DWH3
A0ABX7PST0	A0A0C1UQ92
A0ABX7PST0	I0K1D2
A0ABX7PST0	A0ABM9I9W0
F8ALF3	F8ALF3
F8ALF3	A0A832ZYZ6
F8ALF3	A0A833DR86
F8ALF3	A0A833E6L8
F8ALF3	A0A401HPG4
F8ALF3	H1KYS0
F8ALF3	F6BC05
F8ALF3	A6URY9
A0A498BZR5	A0A498BZR5
A0A498BZR5	Q0A5J4
A0A1Q6DV22	A0A1Q6DV22
A0A7Z7B0T7	A0A7Z7B0T7
A0A7Z7B0T7	A0A7Z8KQY9
A0A7Z7B0T7	W9DQY0
A0A7Z7B0T7	A0AA51UI39
A0A7Z7B0T7	A0A1I4T8Q9
A0A7Z7B0T7	A0AA51UF26
A0A7Z7B0T7	A0AAE3KYC4
A0A8J2BS76	A0A8J2BS76
A0A5E4LR40	A0A5E4LR40
Q57857	Q57857
Q57857	C7P982
Q57857	A0A076LD96
Q57857	N6V2L6
Q57857	D5VUB2
Q57857	A0A8D6PQV2
Q57857	C9RGH7
J2ZCR0	J2ZCR0
J2ZCR0	A0A1G9U2Y2
J2ZCR0	A0A1H8N3C3
J2ZCR0	A0A1I4C741
E3GXL2	E3GXL2
Q8TH69	Q8TH69
Q8TH69	A0A0F8JT82
Q8TH69	M1QID7
Q8TH69	A0A0E3PTY0
Q8TH69	A0A0E3REW1
Q8TH69	A0A0E3RVW7
Q8TH69	A0A0E3WMT5
Q8TH69	Q8PXB5
Q8TH69	A0A0E3R8B1
Q8TH69	A0A0F8GBD7
Q8TH69	A0A832SIG1
Q8TH69	A0A0E3SA26
Q8TH69	A0A0E3PZY0
Q8TH69	A0A0E3QRR8
Q8TH69	A0A0G3C573
Q8TH69	A0A0E3QXX9
Q8TH69	Q46DV0
Q8TH69	A0A0E3LKC5
Q8TH69	A0A0E3P9M9
Q8TH69	A0A0E3P0D2
Q8TH69	A0A0E3LBZ0
Q8TH69	A0A0E3SH80
Q8TH69	A0A1I6ZGW8
Q8TH69	A0A0E3HAG0
Q8TH69	A0A0E3NF67
Q8TH69	A0A2A2HMQ4
Q8TH69	A0ABU2D2H7
Q8TH69	A0A660HSD5
Q8TH69	A0A0E3RYJ1
Q8TH69	F7XMH5
Q8TH69	A0A424YQF9
Q8TH69	D7E5S9
Q8TH69	L0KYN0
Q8TH69	A0A4E0QQ81
Q8TH69	A0A7D5ECQ3
A0A0G3G4L5	A0A0G3G4L5
A0A0G3G4L5	A0A1V2ZZZ5
A0A0N8PNH5	A0A0N8PNH5
F8DBS9	F8DBS9
F8DBS9	A0ABD5PT25
F8DBS9	L9WVN3
F8DBS9	A0ABD5NUW3
A0A5E6MIN2	A0A5E6MIN2
A0A5E6MIN2	A0A5E6M5N7
A0A2H5A151	A0A2H5A151
A0A2H5A151	A0AAE4EW50
A0A2H5A151	A0A830EN40
A0A2H5A151	A0A4C2EK30
A0A2H5A151	M0K2P3
A0A2H5A151	Q5V058
A0A2H5A151	A0A8T8KDF3
A0A2H5A151	A0A847UN87
A0A2H5A151	A0A0M9AJP2
A0A2H5A151	A0A847U1B8
A0A2H5A151	A0A830FF32
A0A2H5A151	A0ABU2F357
A0A2H5A151	M0LK68
A0A2H5A151	M0K9Q7
A0A2H5A151	A0AAW4PC42
A0A2H5A151	A0A495R2Y8
A0A2H5A151	M0JR68
A0A2H5A151	A0A1H2S050
A0A2H5A151	A0AA41GBS5
A0A2H5A151	A0A8J7YD04
A0A2H5A151	A0AAW4PP88
A0A2H5A151	A0A830GQ35
A6UUR8	A6UUR8
A6UUR8	A0A7J9PBH7
A6UUR8	A0A7J9NUU6
A6UUR8	A0A7J9NME2
A6UUR8	Q6M095
A6UUR8	A0A7J9S162
A6UUR8	A0A8T3W8L0
A6UUR8	A0A8T4CSL9
A6UUR8	G0H2S6
A6UUR8	A0A2L1C9P3
A6UUR8	A0A2Z5PCT5
A6UUR8	A0A7J9S4X2
A6UUR8	A0A7J9PTX3
A6UUR8	A0A7J9NJQ3
A6UUR8	A0A2Z5PK82
A6UUR8	A0A7J9P190
A6UUR8	A4FZC6
A6UUR8	A0A7J9PB93
A6UUR8	A9A6S3
A6UUR8	A6VJ11
A6UUR8	A0A7J9PI04
A0A8B3S2X3	A0A8B3S2X3
A0A8B3S2X3	A0A812A2Z9
A0A8B3S2X3	A0A848D9J7
A0A8B3S2X3	A0A811TGG3
A0A8B3S2X3	A0A811TAZ9
A0A8B3S2X3	A0A811T196
A0A101EKV8	A0A101EKV8
A0A101EKV8	A0A075LQ94
A0A101EKV8	H3ZK99
A0A101EKV8	A0A9E7MYZ1
A0A101EKV8	F0LHS1
A0A101EKV8	W0I4J8
A0A101EKV8	A0A833E1D6
A0A101EKV8	A0A9E7MAQ4
A0A101EKV8	C6A442
A0A101EKV8	A0A2Z2MEI2
A0A101EKV8	Q5JDI7
A0A101EKV8	A0A142CW63
A0A101EKV8	C5A288
A0A101EKV8	A0A2Z2ML95
A0A101EKV8	B6YSL1
A0A101EKV8	A0A218P6Z3
A0A101EKV8	A0A2Z2M9Y9
A0A101EKV8	A0A218NZW9
A0A101EKV8	W8NWQ6
A0A101EKV8	A0A0X1KJ51
A0A101EKV8	F8AGT3
A0A101EKV8	A0A127B7H7
A0A101EKV8	A0ABV4T547
A0A101EKV8	A0A160VRD2
A0A101EKV8	O58234
A0A101EKV8	A0A832SMC6
A0A101EKV8	I6TV39
A0A101EKV8	A0A5C0XN10
A0A101EKV8	Q8U3V2
A0A5C0SNR1	A0A5C0SNR1
A0A5C0SNR1	A0A0S1X8S0
A0A5C0SNR1	A0A172WH93
A0A5C0SNR1	I3ZT02
A0A5C0SNR1	A0A4Y5SNC6
A0A5C0SNR1	A0A2Z2M4X1
A0A5C0SNR1	A0A7G2D9E4
A0A5C0SNR1	A0A097QT68
A0A5C0SNR1	A0A2Z2MXP5
A0A5C0SNR1	A0A100XZG0
A0A5C0SNR1	A0A0Q2M2N3
A0A5C0SNR1	Q9UYG2
D3SL17	D3SL17
D3SL17	A0A7C2Z1N6
D3SL17	A0A497XQH9
D3SL17	A0A7C5Q8P1
D3SL17	D3DIV9
D3SL17	A0A285P999
D3SL17	A0A1M6R4Q7
D3SL17	O67191
W0DBJ1	W0DBJ1
W0DBJ1	A0A7C5WZS1
A0A3B1CWE7	A0A3B1CWE7
A0ABZ2YB95	A0ABZ2YB95
A0A5J4KVQ9	A0A5J4KVQ9
A0A5J4KVQ9	A0A7G1H601
A0A1V4AY08	A0A1V4AY08
A0A1V4AY08	A0A2C9CF89
A0A1V4AY08	A0ABQ0JXW8
A0A1V4AY08	Q1Q093
A0A1V4AY08	A0A1V6LZ41
A0A1V4AY08	A0A0M2UZ66
A0A1V4AY08	A0A533QNQ0
A0A1V4AY08	I3IIF5
A0A833E0V6	A0A833E0V6
A0A286TY15	A0A286TY15
A0A7V5U1T4	A0A7V5U1T4
A0A7V5U1T4	A0A177E8U4
A0A7V5U1T4	F8ACF4
A0A0S3QR98	A0A0S3QR98
A0ABM9I8C0	A0ABM9I8C0
A0ABM9I8C0	A0A250KYS6
A0AAU9CYA4	A0AAU9CYA4
A0AAU9CYA4	A0AAU9CGI8
A0A832GPS5	A0A832GPS5
A0A832GPS5	A0AAE3TFR0
A0A832GPS5	A0A117LC97
A0A832GPS5	A0A0U5AFW3
A0A832GPS5	F8C5T4
A0A832GPS5	A0A2N7Q984
A0A832GPS5	A0A7C4NUC1
A0A832GPS5	A0A2N7PQJ7
A0A832GPS5	A0A7V4N369
A0A832GPS5	A0A7V5XH20
A0A832GPS5	A0A2N7PKY8
A0A7V5LT63	A0A7V5LT63
A0A6G7PUD1	A0A6G7PUD1
D5C2B5	D5C2B5
D5C2B5	A0A0E2Z7Q6
D5C2B5	Q3JB94
D5C2B5	A0A4P7C1Y5
A0A179D6E3	A0A179D6E3
A0A1Y3GB94	A0A1Y3GB94
A0ABU0W8J2	A0ABU0W8J2
A0ABU0W8J2	A0AAP6JDU4
A0ABU0W8J2	A0ABT1GA31
A0A7C3GTU1	A0A7C3GTU1
A0A7C3GTU1	A0A6H1WTF9
